AuditID,SiteID,RegionID,TechnicianID,ScheduledDate,AuditDate,StatusCode,DefectCategory,IsTestRecord
1001,SITE-216,2,102,2025-11-27,2025-11-29,PASS,,0
1002,SITE-238,4,101,2025-11-22,2025-11-27,FAIL,Cable Sagging,0
1003,SITE-233,1,105,2025-10-16,2025-10-17,PASS,,0
1004,SITE-215,4,105,2026-01-10,2026-01-17,FAIL,Signal Attenuation,0
1005,SITE-228,3,103,2026-02-20,2026-02-20,FAILED,Loose Connector,0
1006,SITE-207,1,104,2025-12-19,2025-12-21,PASS,,0
1007,SITE-239,3,101,2025-11-19,2025-11-21,PASS,,0
1008,SITE-206,3,105,2026-05-24,2026-05-27,PASSED,,0
1009,SITE-205,1,102,2026-04-04,2026-04-11,PASSED,,0
1010,SITE-215,1,104,2026-02-26,,PENDING,,0
1011,SITE-211,3,103,2026-02-20,2026-02-22,PASSED,,0
1012,SITE-239,2,105,2026-01-16,2026-01-23,FAIL,Cable Sagging,1
1013,SITE-218,2,103,2026-02-03,2026-02-06,PASS,,0
1014,SITE-221,4,103,2025-10-29,2025-10-29,PASS,,0
1015,SITE-221,2,104,2025-11-03,2025-11-08,PASS,,0
1016,SITE-210,3,102,2026-04-21,2026-04-28,REJECTED,Signal Attenuation,0
1017,SITE-238,4,105,2026-02-04,2026-02-09,FAIL,Grounding Missing,0
1018,SITE-233,4,101,2026-04-23,2026-04-24,PASS,,0
1019,SITE-228,1,104,2025-10-25,2025-10-26,FAILED,Loose Connector,0
1020,SITE-234,3,105,2026-04-14,2026-04-17,PASSED,,0
1021,SITE-222,1,103,2025-10-06,2025-10-06,FAIL,Grounding Missing,0
1022,SITE-217,2,105,2026-05-11,2026-05-11,PASS,,0
1023,SITE-210,3,102,2025-11-24,2025-11-26,FAILED,Loose Connector,0
1024,SITE-234,1,105,2026-07-04,,PENDING,,0
1025,SITE-224,3,102,2026-03-15,2026-03-15,PASSED,,0
1026,SITE-206,1,104,2025-10-30,2025-11-04,PASS,,0
1027,SITE-235,2,102,2025-11-05,,PENDING,,0
1028,SITE-234,4,102,2026-06-01,2026-06-02,REJECTED,Grounding Missing,0
1029,SITE-220,4,103,2026-07-04,2026-07-11,FAIL,Loose Connector,0
1030,SITE-216,2,101,2026-05-13,2026-05-16,REJECTED,Cable Sagging,0
1031,SITE-215,2,101,2026-03-23,2026-03-28,PASS,,0
1032,SITE-205,1,103,2025-11-06,2025-11-06,FAIL,Loose Connector,0
1033,SITE-232,2,105,2025-11-06,2025-11-08,PASSED,,0
1034,SITE-216,4,104,2025-12-07,2025-12-12,FAIL,Signal Attenuation,0
1035,SITE-228,3,104,2026-01-06,2026-01-13,PASS,,0
1036,SITE-204,1,101,2026-04-29,2026-05-06,PASSED,,0
1037,SITE-213,2,105,2026-04-25,2026-04-25,FAIL,Loose Connector,0
1038,SITE-218,4,102,2026-05-18,2026-05-19,PASS,,0
1039,SITE-207,1,105,2025-11-08,2025-11-13,PASS,,0
1040,SITE-216,2,104,2025-10-08,,PENDING,,0
1041,SITE-204,2,104,2026-06-06,2026-06-09,PASSED,,0
1042,SITE-217,4,103,2025-10-02,,PENDING,,0
1043,SITE-210,2,103,2026-05-05,2026-05-12,FAIL,Signal Attenuation,0
1044,SITE-238,1,103,2026-01-20,,PENDING,,0
1045,SITE-233,2,101,2025-10-30,2025-11-02,PASS,,1
1046,SITE-205,1,102,2026-06-18,2026-06-19,PASS,,0
1047,SITE-216,1,105,2026-04-25,2026-04-30,PASS,,0
1048,SITE-237,3,103,2025-11-11,2025-11-16,PASS,,0
1049,SITE-217,4,102,2026-01-13,2026-01-15,FAIL,Loose Connector,0
1050,SITE-201,4,105,2026-03-03,2026-03-03,PASSED,,0
1051,SITE-205,2,105,2026-07-16,,PENDING,,0
1052,SITE-205,2,103,2026-02-13,2026-02-15,PASS,,0
1053,SITE-220,1,105,2026-02-23,2026-02-28,PASS,,0
1054,SITE-217,1,101,2026-03-03,2026-03-03,REJECTED,Loose Connector,0
1055,SITE-239,2,103,2026-07-11,2026-07-13,PASS,,0
1056,SITE-217,1,101,2026-01-13,2026-01-15,FAIL,Signal Attenuation,0
1057,SITE-222,2,103,2026-05-05,2026-05-05,FAILED,Cable Sagging,0
1058,SITE-236,1,101,2025-12-22,2025-12-27,FAIL,Signal Attenuation,0
1059,SITE-235,1,103,2025-11-08,2025-11-15,REJECTED,Loose Connector,0
1060,SITE-209,1,103,2026-07-26,2026-07-29,PASSED,,0
1061,SITE-214,2,101,2026-04-05,2026-04-05,REJECTED,Grounding Missing,0
1062,SITE-216,2,102,2026-03-31,2026-04-03,FAIL,Loose Connector,0
1063,SITE-222,4,102,2026-04-30,2026-05-07,PASS,,0
1064,SITE-207,4,101,2026-02-14,2026-02-21,PASS,,0
1065,SITE-223,3,102,2026-05-29,2026-06-01,PASS,,0
1066,SITE-226,3,103,2026-01-23,2026-01-24,PASS,,0
1067,SITE-218,3,105,2025-11-05,,PENDING,,0
1068,SITE-202,1,103,2026-04-23,2026-04-28,FAIL,Grounding Missing,0
1069,SITE-203,1,105,2025-12-31,2026-01-02,PASSED,,0
1070,SITE-228,1,104,2026-05-11,2026-05-13,PASS,,0
1071,SITE-228,1,105,2026-07-23,2026-07-23,PASS,,0
1072,SITE-224,4,101,2026-07-03,2026-07-10,FAIL,Loose Connector,0
1073,SITE-208,3,105,2026-03-19,2026-03-26,PASSED,,0
1074,SITE-219,2,102,2026-03-08,2026-03-10,FAIL,Signal Attenuation,0
1075,SITE-240,3,104,2026-05-04,2026-05-07,FAIL,Loose Connector,0
1076,SITE-214,4,105,2026-07-08,2026-07-10,FAILED,Grounding Missing,0
1077,SITE-214,4,102,2026-03-14,2026-03-17,PASSED,,0
1078,SITE-240,3,101,2025-11-13,2025-11-20,PASS,,0
1079,SITE-210,1,101,2026-01-29,2026-01-30,FAIL,Loose Connector,0
1080,SITE-240,1,104,2026-02-03,,PENDING,,0
1081,SITE-225,4,104,2026-05-01,2026-05-06,REJECTED,Loose Connector,0
1082,SITE-201,1,104,2026-02-02,2026-02-09,PASS,,0
1083,SITE-234,4,101,2026-01-21,2026-01-28,PASS,,0
1084,SITE-230,2,104,2026-07-13,2026-07-13,PASS,,0
1085,SITE-239,3,104,2026-06-29,,PENDING,,0
1086,SITE-229,2,104,2026-06-16,2026-06-21,PASS,,0
1087,SITE-218,4,102,2026-05-19,2026-05-20,PASS,,0
1088,SITE-219,2,103,2026-02-18,2026-02-25,PASS,,1
1089,SITE-206,2,102,2026-03-21,2026-03-26,PASS,,0
1090,SITE-214,1,104,2026-01-27,2026-01-28,PASS,,0
1091,SITE-227,1,102,2026-04-27,2026-04-30,PASS,,0
1092,SITE-202,4,104,2026-05-04,2026-05-09,PASS,,0
1093,SITE-227,2,104,2025-10-04,2025-10-06,REJECTED,Signal Attenuation,0
1094,SITE-202,4,103,2026-01-21,2026-01-24,PASS,,0
1095,SITE-240,1,104,2026-04-26,2026-04-29,FAIL,Loose Connector,0
1096,SITE-209,4,102,2026-07-16,2026-07-16,FAIL,Signal Attenuation,0
1097,SITE-214,4,103,2025-10-26,2025-10-28,PASS,,0
1098,SITE-227,3,101,2026-03-22,2026-03-25,FAIL,Grounding Missing,0
1099,SITE-204,3,102,2026-05-29,2026-06-03,PASS,,0
1100,SITE-202,2,102,2025-11-05,2025-11-12,FAIL,Cable Sagging,0
1101,SITE-209,4,101,2025-10-11,2025-10-12,PASSED,,0
1102,SITE-224,2,105,2026-07-16,2026-07-19,REJECTED,Grounding Missing,0
1103,SITE-207,1,103,2025-11-28,2025-11-29,FAIL,Grounding Missing,0
1104,SITE-213,1,105,2026-07-22,2026-07-25,FAIL,Signal Attenuation,0
1105,SITE-239,1,105,2026-02-02,2026-02-04,PASS,,0
1106,SITE-224,1,105,2025-10-22,2025-10-25,PASS,,0
1107,SITE-232,1,104,2026-03-24,2026-03-27,PASS,,0
1108,SITE-210,4,102,2026-04-04,2026-04-07,PASSED,,0
1109,SITE-218,4,104,2026-06-25,,PENDING,,0
1110,SITE-221,2,101,2026-05-12,2026-05-17,FAILED,Grounding Missing,0
1111,SITE-237,4,103,2026-02-20,2026-02-21,REJECTED,Signal Attenuation,0
1112,SITE-212,4,102,2025-10-15,2025-10-17,PASSED,,0
1113,SITE-239,3,105,2026-03-31,2026-04-02,FAIL,Grounding Missing,0
1114,SITE-206,2,104,2025-10-06,2025-10-07,PASSED,,0
1115,SITE-231,4,104,2026-06-08,2026-06-09,PASSED,,0
1116,SITE-226,2,103,2025-10-09,2025-10-10,PASS,,0
1117,SITE-234,3,104,2026-07-25,2026-07-30,PASS,,0
1118,SITE-230,3,103,2026-07-09,2026-07-16,PASS,,0
1119,SITE-213,3,101,2026-02-06,2026-02-13,PASS,,0
1120,SITE-212,2,102,2026-07-02,,PENDING,,0
1121,SITE-234,3,101,2026-06-05,2026-06-10,PASS,,0
1122,SITE-212,3,101,2026-01-08,2026-01-10,PASS,,0
1123,SITE-204,3,102,2026-07-01,2026-07-01,PASS,,0
1124,SITE-237,3,104,2026-06-09,2026-06-09,PASS,,0
1125,SITE-204,3,104,2026-06-03,2026-06-04,PASS,,0
1126,SITE-205,1,102,2025-11-28,2025-12-01,FAILED,Signal Attenuation,0
1127,SITE-216,1,105,2025-12-16,2025-12-18,FAILED,Cable Sagging,0
1128,SITE-215,4,104,2026-05-02,2026-05-07,PASSED,,0
1129,SITE-228,3,105,2026-05-15,2026-05-20,PASS,,0
1130,SITE-207,2,102,2025-10-31,2025-11-07,PASSED,,0
1131,SITE-212,1,102,2026-02-13,2026-02-14,FAIL,Loose Connector,0
1132,SITE-239,4,103,2025-10-02,2025-10-09,PASS,,0
1133,SITE-219,4,101,2025-10-17,2025-10-24,PASS,,0
1134,SITE-228,1,105,2026-01-28,2026-02-04,REJECTED,Loose Connector,0
1135,SITE-210,1,101,2026-01-24,2026-01-26,PASSED,,0
1136,SITE-229,1,104,2025-12-24,2025-12-29,FAIL,Grounding Missing,0
1137,SITE-229,1,105,2026-03-05,2026-03-07,FAIL,Signal Attenuation,0
1138,SITE-239,3,101,2025-10-21,2025-10-28,REJECTED,Grounding Missing,0
1139,SITE-237,1,103,2025-11-16,2025-11-23,PASS,,0
1140,SITE-231,4,103,2026-07-23,2026-07-24,PASS,,0
1141,SITE-228,4,101,2026-01-01,,PENDING,,0
1142,SITE-221,1,102,2026-05-29,2026-05-31,PASS,,0
1143,SITE-219,4,105,2026-03-18,2026-03-21,PASS,,0
1144,SITE-217,3,101,2025-10-19,2025-10-21,PASSED,,0
1145,SITE-227,1,102,2026-04-25,2026-04-25,FAILED,Signal Attenuation,0
1146,SITE-229,1,102,2026-06-23,2026-06-26,PASS,,0
1147,SITE-229,4,101,2026-02-14,2026-02-16,PASSED,,0
1148,SITE-239,2,102,2025-10-15,,PENDING,,0
1149,SITE-227,1,102,2026-03-09,2026-03-14,PASSED,,0
1150,SITE-210,4,103,2025-11-28,2025-11-28,PASSED,,0
1151,SITE-231,2,104,2026-06-18,2026-06-21,FAIL,Signal Attenuation,0
1152,SITE-239,2,101,2026-07-10,2026-07-11,PASS,,0
1153,SITE-233,3,101,2026-02-19,2026-02-22,FAIL,Grounding Missing,0
1154,SITE-210,4,105,2026-02-22,2026-02-27,FAIL,Signal Attenuation,0
1155,SITE-235,4,104,2026-06-05,2026-06-10,PASS,,0
1156,SITE-237,4,102,2026-03-14,2026-03-21,FAILED,Loose Connector,0
1157,SITE-231,4,104,2026-04-29,2026-05-06,PASS,,0
1158,SITE-209,3,101,2025-12-17,2025-12-17,PASSED,,0
1159,SITE-201,2,104,2026-05-14,2026-05-17,PASS,,0
1160,SITE-222,4,101,2025-12-19,2025-12-21,PASS,,0
1161,SITE-221,4,105,2026-03-18,2026-03-23,FAILED,Signal Attenuation,0
1162,SITE-219,2,101,2025-10-19,2025-10-20,PASSED,,0
1163,SITE-207,4,102,2026-05-11,,PENDING,,0
1164,SITE-204,3,103,2026-03-03,2026-03-03,REJECTED,Grounding Missing,0
1165,SITE-234,4,105,2026-04-10,2026-04-11,PASS,,0
1166,SITE-240,4,105,2026-01-01,2026-01-01,PASS,,0
1167,SITE-210,2,104,2026-02-01,2026-02-06,PASSED,,0
1168,SITE-201,4,103,2026-02-08,2026-02-15,PASSED,,0
1169,SITE-223,3,104,2026-07-07,2026-07-10,PASS,,0
1170,SITE-213,4,104,2026-02-06,2026-02-08,PASSED,,0
1171,SITE-223,3,103,2025-11-24,2025-11-29,PASS,,0
1172,SITE-226,3,101,2025-10-12,,PENDING,,0
1173,SITE-239,4,103,2026-07-17,2026-07-24,FAILED,Cable Sagging,0
1174,SITE-215,2,105,2026-01-26,2026-01-28,PASSED,,0
1175,SITE-207,1,103,2026-02-06,2026-02-13,FAIL,Loose Connector,0
1176,SITE-209,1,103,2026-05-14,2026-05-16,PASS,,0
1177,SITE-209,3,105,2026-03-17,2026-03-18,FAIL,Loose Connector,0
1178,SITE-231,3,103,2026-06-14,2026-06-15,REJECTED,Grounding Missing,0
1179,SITE-210,2,104,2025-11-28,2025-11-28,PASSED,,0
1180,SITE-201,3,105,2026-07-13,2026-07-16,PASS,,0
1181,SITE-217,4,103,2025-12-03,2025-12-10,PASSED,,0
1182,SITE-240,3,105,2025-11-25,2025-11-28,FAIL,Cable Sagging,0
1183,SITE-230,3,104,2026-01-22,2026-01-29,PASSED,,0
1184,SITE-220,4,101,2025-11-29,2025-11-29,PASS,,0
1185,SITE-209,4,104,2025-11-19,2025-11-24,PASS,,0
1186,SITE-238,2,104,2026-04-08,2026-04-15,FAIL,Signal Attenuation,0
1187,SITE-218,1,103,2025-11-20,2025-11-25,FAILED,Signal Attenuation,0
1188,SITE-224,1,103,2026-01-20,2026-01-21,PASS,,0
1189,SITE-204,4,103,2026-07-06,2026-07-13,REJECTED,Grounding Missing,0
1190,SITE-230,1,102,2026-01-06,,PENDING,,0
1191,SITE-216,2,105,2025-10-11,2025-10-13,PASS,,0
1192,SITE-214,2,102,2026-01-14,2026-01-19,PASS,,0
1193,SITE-218,2,102,2026-03-18,2026-03-23,FAIL,Cable Sagging,0
1194,SITE-208,1,102,2026-07-04,2026-07-05,PASS,,0
1195,SITE-238,3,101,2025-10-08,2025-10-09,PASS,,0
1196,SITE-227,1,101,2025-12-29,2025-12-30,PASS,,0
1197,SITE-233,1,104,2026-06-01,2026-06-03,PASS,,0
1198,SITE-203,3,104,2026-06-15,2026-06-20,PASS,,0
1199,SITE-226,4,101,2025-10-16,2025-10-19,PASS,,0
1200,SITE-206,3,105,2026-06-09,2026-06-12,FAIL,Cable Sagging,0
1201,SITE-240,3,104,2025-12-15,2025-12-17,PASS,,0
1202,SITE-239,4,101,2026-06-29,2026-07-04,PASS,,0
1203,SITE-228,4,102,2025-11-28,2025-12-05,FAILED,Loose Connector,0
1204,SITE-226,4,101,2026-04-30,2026-05-03,PASS,,0
1205,SITE-217,3,102,2026-03-10,2026-03-17,PASS,,0
1206,SITE-206,4,101,2026-05-31,2026-05-31,PASS,,0
1207,SITE-238,3,101,2026-04-09,2026-04-14,FAILED,Cable Sagging,0
1208,SITE-228,1,103,2026-04-29,2026-05-06,PASS,,0
1209,SITE-233,2,102,2026-03-09,2026-03-14,PASS,,0
1210,SITE-223,3,101,2026-06-04,2026-06-04,PASS,,0
1211,SITE-236,1,105,2026-02-20,2026-02-23,PASSED,,0
1212,SITE-220,3,103,2026-02-14,2026-02-16,PASS,,0
1213,SITE-237,4,101,2025-10-04,2025-10-05,PASS,,0
1214,SITE-234,2,104,2025-12-12,2025-12-12,FAIL,Cable Sagging,0
1215,SITE-224,3,103,2026-05-03,2026-05-04,PASSED,,0
1216,SITE-210,2,105,2026-07-18,2026-07-18,PASSED,,0
1217,SITE-228,4,105,2025-10-26,2025-10-28,FAIL,Signal Attenuation,0
1218,SITE-233,1,103,2026-05-15,2026-05-16,PASS,,0
1219,SITE-238,4,105,2026-05-09,2026-05-16,PASS,,0
1220,SITE-239,1,101,2026-03-07,2026-03-10,PASS,,0
1221,SITE-209,3,103,2026-01-13,2026-01-14,PASS,,0
1222,SITE-228,2,102,2026-03-17,2026-03-20,PASS,,0
1223,SITE-233,3,101,2026-04-13,2026-04-14,PASSED,,0
1224,SITE-202,4,101,2026-04-22,2026-04-22,FAILED,Signal Attenuation,0
1225,SITE-226,4,103,2026-03-10,2026-03-15,PASSED,,0
1226,SITE-211,4,103,2025-11-28,2025-11-30,PASS,,0
1227,SITE-216,4,105,2025-11-15,2025-11-15,PASS,,0
1228,SITE-220,3,102,2026-04-24,2026-04-27,PASSED,,0
1229,SITE-234,2,103,2026-03-20,2026-03-20,FAIL,Cable Sagging,0
1230,SITE-216,1,102,2026-03-29,2026-04-05,FAIL,Loose Connector,0
1231,SITE-210,1,102,2026-02-09,2026-02-14,PASS,,0
1232,SITE-238,4,105,2026-06-10,2026-06-15,PASSED,,0
1233,SITE-210,4,101,2026-03-15,2026-03-22,FAILED,Grounding Missing,0
1234,SITE-218,1,103,2026-05-29,2026-05-31,PASS,,0
1235,SITE-229,1,101,2026-06-17,2026-06-20,PASS,,0
1236,SITE-240,4,104,2026-04-07,2026-04-07,FAILED,Cable Sagging,0
1237,SITE-203,4,105,2026-07-25,2026-08-01,PASSED,,0
1238,SITE-233,2,101,2026-01-05,2026-01-08,PASS,,0
1239,SITE-206,2,101,2026-05-19,2026-05-21,PASS,,0
1240,SITE-224,3,103,2026-02-04,2026-02-07,FAIL,Loose Connector,0
1241,SITE-239,1,103,2026-04-17,2026-04-19,PASS,,0
1242,SITE-225,3,103,2025-11-03,2025-11-08,PASS,,0
1243,SITE-210,3,103,2025-12-16,2025-12-21,PASS,,0
1244,SITE-206,3,105,2026-04-19,2026-04-26,PASS,,0
1245,SITE-209,1,104,2026-04-11,2026-04-13,PASSED,,0
1246,SITE-220,2,102,2026-06-18,2026-06-20,PASS,,0
1247,SITE-215,2,102,2026-03-24,2026-03-27,REJECTED,Loose Connector,0
1248,SITE-233,1,103,2025-11-09,2025-11-09,PASS,,0
1249,SITE-211,2,105,2025-12-07,2025-12-08,PASSED,,0
1250,SITE-224,2,104,2025-12-24,2025-12-24,FAIL,Signal Attenuation,0
1251,SITE-235,2,103,2026-02-23,2026-02-26,FAIL,Loose Connector,0
1252,SITE-237,4,104,2026-05-29,2026-05-30,REJECTED,Grounding Missing,0
1253,SITE-211,2,105,2026-02-22,2026-02-27,FAIL,Signal Attenuation,0
1254,SITE-224,1,105,2025-12-10,2025-12-10,FAILED,Signal Attenuation,0
1255,SITE-218,4,105,2025-12-03,2025-12-04,PASS,,0
1256,SITE-229,3,101,2025-12-15,2025-12-15,FAILED,Loose Connector,0
1257,SITE-224,2,104,2026-05-01,2026-05-06,PASS,,0
1258,SITE-221,1,103,2025-11-11,2025-11-11,PASS,,0
1259,SITE-231,2,104,2025-12-14,2025-12-16,PASS,,0
1260,SITE-202,3,102,2026-05-18,2026-05-18,PASSED,,0
1261,SITE-239,4,101,2025-12-16,2025-12-23,PASSED,,0
1262,SITE-204,2,104,2026-02-25,2026-02-25,PASS,,0
1263,SITE-239,1,105,2026-05-23,2026-05-26,PASS,,0
1264,SITE-219,4,101,2026-07-22,2026-07-23,PASS,,0
1265,SITE-212,1,105,2026-03-30,2026-04-02,PASS,,0
1266,SITE-235,1,104,2026-04-03,2026-04-08,PASS,,0
1267,SITE-224,3,101,2026-05-29,2026-06-01,PASS,,0
1268,SITE-207,3,102,2026-04-01,2026-04-03,FAIL,Loose Connector,0
1269,SITE-212,4,104,2025-10-23,2025-10-25,PASS,,0
1270,SITE-203,3,102,2026-01-02,2026-01-02,FAILED,Signal Attenuation,0
1271,SITE-220,4,105,2025-10-23,2025-10-23,FAIL,Grounding Missing,0
1272,SITE-213,3,103,2026-05-31,2026-06-07,PASS,,0
1273,SITE-208,3,104,2025-10-25,2025-10-27,FAILED,Grounding Missing,0
1274,SITE-212,4,104,2026-04-23,2026-04-26,FAIL,Grounding Missing,0
1275,SITE-206,4,101,2026-04-07,2026-04-12,REJECTED,Grounding Missing,0
1276,SITE-235,3,103,2026-05-09,2026-05-10,PASSED,,0
1277,SITE-219,3,104,2025-11-22,2025-11-29,PASS,,0
1278,SITE-223,4,101,2026-05-07,2026-05-10,PASS,,0
1279,SITE-218,1,101,2026-03-30,2026-04-02,PASSED,,0
1280,SITE-211,1,102,2026-04-26,2026-05-03,PASS,,0
1281,SITE-216,3,103,2026-05-13,2026-05-13,PASS,,0
1282,SITE-229,3,103,2026-04-15,2026-04-15,REJECTED,Loose Connector,0
1283,SITE-234,3,104,2026-05-16,2026-05-21,FAIL,Loose Connector,0
1284,SITE-208,1,102,2026-03-10,2026-03-11,PASSED,,0
1285,SITE-208,3,103,2026-06-13,2026-06-18,PASSED,,0
1286,SITE-219,4,102,2026-05-17,2026-05-22,PASS,,0
1287,SITE-229,2,104,2025-12-02,2025-12-02,PASS,,0
1288,SITE-205,3,103,2025-11-14,2025-11-16,FAILED,Grounding Missing,0
1289,SITE-224,2,101,2025-12-20,2025-12-27,FAIL,Loose Connector,0
1290,SITE-202,3,105,2026-01-11,2026-01-12,FAIL,Signal Attenuation,0
1291,SITE-209,1,101,2026-07-21,2026-07-26,PASS,,0
1292,SITE-231,4,104,2026-03-08,2026-03-15,PASS,,0
1293,SITE-205,4,104,2026-07-22,2026-07-24,PASS,,0
1294,SITE-238,2,102,2026-06-22,2026-06-27,PASS,,0
1295,SITE-208,2,103,2026-05-10,2026-05-10,PASSED,,0
1296,SITE-215,3,105,2025-12-24,2025-12-31,PASS,,0
1297,SITE-236,3,102,2026-02-23,2026-02-25,FAILED,Loose Connector,0
1298,SITE-233,2,105,2026-03-05,2026-03-05,PASSED,,0
1299,SITE-240,3,105,2026-07-25,2026-08-01,PASS,,0
1300,SITE-203,3,102,2025-10-22,2025-10-22,FAILED,Cable Sagging,0
1301,SITE-202,4,105,2026-07-20,2026-07-27,PASS,,0
1302,SITE-231,2,104,2026-02-26,2026-02-28,PASSED,,0
1303,SITE-204,2,104,2026-03-02,2026-03-09,PASSED,,0
1304,SITE-222,2,103,2026-05-01,2026-05-02,PASSED,,0
1305,SITE-209,3,105,2026-03-13,2026-03-15,FAIL,Signal Attenuation,0
1306,SITE-230,1,103,2026-07-15,2026-07-16,PASS,,0
1307,SITE-204,3,104,2026-05-19,2026-05-19,PASS,,0
1308,SITE-221,3,102,2026-05-03,2026-05-04,PASS,,0
1309,SITE-230,4,103,2025-12-21,2025-12-26,PASSED,,0
1310,SITE-233,4,102,2026-06-12,2026-06-15,PASS,,0
1311,SITE-204,3,104,2026-01-19,2026-01-19,PASSED,,0
1312,SITE-207,4,102,2026-05-29,2026-05-29,PASS,,0
1313,SITE-203,4,101,2026-02-13,2026-02-16,FAIL,Grounding Missing,0
1314,SITE-236,3,101,2026-07-19,2026-07-21,PASSED,,0
1315,SITE-218,1,102,2026-04-16,2026-04-21,PASSED,,0
1316,SITE-236,3,102,2025-11-19,2025-11-21,PASS,,0
1317,SITE-233,1,101,2026-01-10,2026-01-13,PASSED,,0
1318,SITE-231,4,102,2025-10-20,2025-10-22,PASS,,0
1319,SITE-221,2,104,2026-06-21,2026-06-26,PASS,,0
1320,SITE-233,4,105,2026-03-03,2026-03-08,PASSED,,0
1321,SITE-224,3,101,2026-03-03,2026-03-03,PASSED,,0
1322,SITE-202,4,103,2026-05-02,2026-05-09,PASSED,,0
1323,SITE-204,4,102,2026-07-24,2026-07-31,PASSED,,0
1324,SITE-225,2,102,2026-06-26,2026-07-01,PASSED,,0
1325,SITE-208,2,101,2025-10-17,2025-10-24,PASSED,,0
1326,SITE-227,2,104,2026-05-14,2026-05-15,PASS,,0
1327,SITE-209,2,105,2026-06-14,2026-06-17,FAIL,Cable Sagging,0
1328,SITE-231,4,103,2026-03-16,,PENDING,,0
1329,SITE-222,3,103,2025-12-28,2026-01-02,PASSED,,0
1330,SITE-218,3,102,2026-06-05,2026-06-06,PASS,,0
1331,SITE-232,3,104,2026-03-02,2026-03-09,FAIL,Loose Connector,0
1332,SITE-218,3,101,2026-03-28,2026-04-04,PASSED,,0
1333,SITE-223,2,103,2026-07-21,2026-07-24,FAIL,Signal Attenuation,0
1334,SITE-206,3,104,2025-10-22,2025-10-29,PASS,,0
1335,SITE-235,3,105,2026-02-09,2026-02-10,FAIL,Loose Connector,0
1336,SITE-238,2,102,2026-02-17,2026-02-22,PASS,,0
1337,SITE-215,1,101,2025-10-26,2025-10-31,FAIL,Loose Connector,0
1338,SITE-207,2,101,2026-04-30,2026-05-03,PASS,,0
1339,SITE-211,4,104,2026-07-09,,PENDING,,0
1340,SITE-219,1,101,2026-06-02,2026-06-04,FAIL,Grounding Missing,0
1341,SITE-203,2,104,2026-07-21,2026-07-28,PASS,,0
1342,SITE-232,2,103,2025-12-30,2025-12-30,REJECTED,Signal Attenuation,0
1343,SITE-239,1,103,2025-10-20,2025-10-25,PASS,,0
1344,SITE-235,4,102,2026-02-23,2026-03-02,PASSED,,0
1345,SITE-208,3,102,2026-06-16,2026-06-17,PASSED,,0
1346,SITE-212,1,103,2026-05-23,2026-05-30,PASSED,,0
1347,SITE-212,4,104,2026-03-01,2026-03-02,PASSED,,0
1348,SITE-207,2,102,2026-06-21,2026-06-24,PASS,,0
1349,SITE-201,3,104,2026-06-02,2026-06-03,PASS,,0
1350,SITE-222,3,105,2026-01-29,2026-01-31,PASS,,0
1351,SITE-224,2,101,2026-07-21,2026-07-28,PASS,,0
1352,SITE-226,3,101,2025-11-30,2025-12-01,PASSED,,0
1353,SITE-215,2,104,2026-03-01,2026-03-02,PASS,,0
1354,SITE-224,4,105,2025-12-18,2025-12-23,PASSED,,0
1355,SITE-216,1,105,2026-05-30,2026-06-06,FAIL,Loose Connector,0
1356,SITE-205,1,101,2026-05-17,2026-05-19,PASSED,,0
1357,SITE-211,3,105,2026-07-08,2026-07-09,REJECTED,Loose Connector,0
1358,SITE-238,4,101,2026-05-15,2026-05-16,PASS,,0
1359,SITE-230,2,105,2026-06-19,2026-06-19,PASS,,0
1360,SITE-236,4,103,2026-05-01,2026-05-01,PASSED,,0
1361,SITE-214,1,101,2025-10-12,2025-10-12,PASS,,0
1362,SITE-235,1,101,2026-05-05,2026-05-05,PASS,,0
1363,SITE-212,2,104,2026-05-30,2026-06-02,PASS,,0
1364,SITE-225,4,104,2026-04-10,,PENDING,,0
1365,SITE-235,2,103,2026-04-11,2026-04-18,PASS,,0
1366,SITE-226,2,102,2025-11-30,2025-12-05,PASS,,0
1367,SITE-235,4,105,2025-10-02,2025-10-04,FAIL,Signal Attenuation,0
1368,SITE-223,2,103,2026-04-13,2026-04-14,FAILED,Signal Attenuation,0
1369,SITE-203,4,105,2026-01-05,2026-01-12,REJECTED,Cable Sagging,0
1370,SITE-207,1,104,2025-10-09,2025-10-09,PASS,,0
1371,SITE-226,4,102,2025-10-25,2025-10-25,PASS,,0
1372,SITE-209,3,102,2026-07-04,2026-07-04,PASS,,0
1373,SITE-221,2,103,2026-07-22,2026-07-27,PASS,,0
1374,SITE-234,2,104,2025-12-13,,PENDING,,0
1375,SITE-238,2,104,2026-03-03,2026-03-08,PASS,,0
1376,SITE-225,3,104,2026-07-12,2026-07-14,PASSED,,0
1377,SITE-212,4,102,2026-04-28,2026-05-01,PASS,,0
1378,SITE-210,4,101,2026-01-24,2026-01-31,PASS,,0
1379,SITE-236,2,104,2026-07-15,2026-07-18,PASS,,0
1380,SITE-206,4,103,2026-02-02,2026-02-04,PASS,,0
1381,SITE-204,3,104,2025-11-17,2025-11-18,PASSED,,0
1382,SITE-231,2,103,2025-10-21,2025-10-22,FAILED,Loose Connector,0
1383,SITE-201,2,102,2026-03-05,,PENDING,,0
1384,SITE-239,2,104,2025-11-30,2025-12-03,FAIL,Loose Connector,0
1385,SITE-225,4,105,2026-01-31,2026-02-02,PASSED,,0
1386,SITE-233,4,104,2026-04-02,2026-04-04,PASS,,0
1387,SITE-221,2,103,2025-11-20,2025-11-27,FAILED,Signal Attenuation,0
1388,SITE-215,2,101,2026-03-10,2026-03-15,PASS,,0
1389,SITE-238,4,103,2026-02-11,2026-02-16,PASSED,,0
1390,SITE-225,2,104,2025-12-18,2025-12-19,PASS,,0
1391,SITE-217,4,104,2026-07-09,2026-07-16,FAIL,Grounding Missing,0
1392,SITE-211,2,105,2026-05-24,2026-05-26,PASS,,0
1393,SITE-204,1,101,2026-06-08,2026-06-13,PASS,,0
1394,SITE-215,1,102,2025-10-25,2025-10-28,FAIL,Loose Connector,0
1395,SITE-224,1,105,2025-10-05,2025-10-08,PASS,,0
1396,SITE-235,4,101,2026-06-05,2026-06-05,FAIL,Cable Sagging,0
1397,SITE-235,3,101,2025-10-09,2025-10-11,PASSED,,0
1398,SITE-212,1,101,2026-06-15,2026-06-22,FAILED,Signal Attenuation,0
1399,SITE-240,3,103,2026-06-26,2026-06-27,PASS,,0
1400,SITE-226,4,105,2026-02-14,2026-02-14,FAIL,Grounding Missing,0
1401,SITE-215,3,101,2026-02-02,,PENDING,,0
1402,SITE-225,4,101,2025-10-17,2025-10-20,PASS,,0
1403,SITE-228,3,105,2025-10-05,2025-10-05,FAIL,Signal Attenuation,0
1404,SITE-214,4,103,2025-11-18,2025-11-18,REJECTED,Loose Connector,0
1405,SITE-235,1,102,2025-10-24,2025-10-31,REJECTED,Grounding Missing,0
1406,SITE-238,2,104,2026-03-11,2026-03-12,PASS,,0
1407,SITE-216,4,105,2025-11-09,2025-11-14,PASS,,0
1408,SITE-209,1,105,2026-03-19,2026-03-26,PASS,,0
1409,SITE-215,1,103,2026-03-27,2026-03-30,PASS,,0
1410,SITE-221,1,103,2026-04-22,,PENDING,,0
1411,SITE-236,4,104,2026-05-19,2026-05-21,PASSED,,0
1412,SITE-206,3,102,2026-01-04,2026-01-11,FAIL,Signal Attenuation,0
1413,SITE-225,2,104,2025-11-07,2025-11-08,PASS,,0
1414,SITE-201,3,104,2026-03-12,2026-03-12,PASS,,0
1415,SITE-206,2,104,2026-04-03,2026-04-03,FAIL,Loose Connector,0
1416,SITE-227,1,101,2026-05-18,2026-05-23,PASSED,,0
1417,SITE-239,3,104,2025-11-15,2025-11-15,PASS,,0
1418,SITE-206,2,105,2025-10-07,2025-10-10,PASS,,0
1419,SITE-211,2,103,2026-06-24,2026-06-27,PASS,,0
1420,SITE-205,2,104,2026-03-04,2026-03-05,PASS,,0
1421,SITE-205,3,103,2026-02-19,2026-02-22,PASS,,0
1422,SITE-230,1,102,2026-02-04,2026-02-07,FAIL,Loose Connector,0
1423,SITE-222,4,103,2026-03-05,2026-03-08,PASS,,0
1424,SITE-239,2,103,2026-05-14,2026-05-21,PASS,,0
1425,SITE-213,4,103,2026-03-14,2026-03-21,PASSED,,0
1426,SITE-221,3,104,2025-12-30,,PENDING,,0
1427,SITE-218,4,103,2026-07-22,2026-07-24,FAIL,Signal Attenuation,0
1428,SITE-236,1,104,2025-11-28,2025-11-29,REJECTED,Loose Connector,0
1429,SITE-205,4,104,2026-01-16,2026-01-18,PASS,,0
1430,SITE-217,2,104,2025-12-11,2025-12-12,PASSED,,0
1431,SITE-231,4,105,2026-04-12,2026-04-17,PASS,,0
1432,SITE-235,1,103,2026-06-17,2026-06-24,REJECTED,Signal Attenuation,0
1433,SITE-207,2,103,2026-07-02,2026-07-02,PASSED,,0
1434,SITE-237,4,103,2025-12-25,2025-12-25,PASSED,,0
1435,SITE-217,2,105,2026-05-09,2026-05-09,PASS,,0
1436,SITE-237,2,104,2026-06-23,2026-06-30,PASSED,,0
1437,SITE-238,2,103,2026-04-10,2026-04-17,PASS,,0
1438,SITE-227,1,101,2025-10-13,2025-10-15,PASSED,,0
1439,SITE-230,2,105,2025-12-12,2025-12-14,PASS,,0
1440,SITE-229,4,103,2026-06-05,2026-06-05,PASS,,0
1441,SITE-208,1,103,2025-11-04,2025-11-11,PASS,,0
1442,SITE-234,2,105,2025-11-25,2025-11-26,FAIL,Loose Connector,0
1443,SITE-230,2,104,2025-12-21,2025-12-24,PASS,,0
1444,SITE-228,4,101,2026-01-03,2026-01-10,PASS,,0
1445,SITE-225,1,102,2026-01-10,2026-01-13,PASS,,0
1446,SITE-205,1,105,2026-01-14,2026-01-21,PASS,,0
1447,SITE-230,1,103,2026-01-04,2026-01-05,PASS,,0
1448,SITE-221,4,105,2026-06-08,2026-06-15,PASSED,,0
1449,SITE-223,4,105,2026-04-19,2026-04-21,PASSED,,0
1450,SITE-240,1,102,2025-12-28,2026-01-04,FAILED,Grounding Missing,0
1451,SITE-208,2,103,2026-03-10,2026-03-12,PASS,,0
1452,SITE-239,2,105,2025-12-12,2025-12-15,PASSED,,0
1453,SITE-235,2,105,2026-04-15,2026-04-18,PASS,,0
1454,SITE-212,3,104,2025-12-25,2025-12-26,PASSED,,0
1455,SITE-209,2,104,2025-10-28,2025-10-28,FAILED,Signal Attenuation,0
1456,SITE-227,4,104,2026-07-15,2026-07-18,PASSED,,0
1457,SITE-237,1,102,2026-05-16,2026-05-16,PASSED,,0
1458,SITE-235,3,102,2026-02-27,2026-02-28,PASS,,0
1459,SITE-236,1,105,2026-05-23,2026-05-26,PASSED,,0
1460,SITE-224,1,104,2025-11-28,2025-12-03,PASS,,0
1461,SITE-207,2,103,2026-07-07,2026-07-10,PASS,,0
1462,SITE-206,4,101,2025-10-17,2025-10-19,PASS,,0
1463,SITE-238,3,105,2026-01-30,2026-02-06,PASS,,0
1464,SITE-214,2,101,2026-05-08,2026-05-09,PASS,,0
1465,SITE-239,2,103,2026-07-19,2026-07-21,PASS,,0
1466,SITE-233,1,102,2026-02-27,2026-03-01,PASS,,0
1467,SITE-209,2,102,2026-04-29,2026-05-01,REJECTED,Loose Connector,0
1468,SITE-232,2,105,2026-03-14,2026-03-21,FAILED,Signal Attenuation,0
1469,SITE-229,1,101,2026-02-15,2026-02-18,PASSED,,0
1470,SITE-224,4,104,2026-04-25,2026-04-27,PASSED,,0
1471,SITE-206,4,103,2026-03-17,2026-03-24,PASSED,,0
1472,SITE-228,2,104,2025-11-02,2025-11-05,FAIL,Loose Connector,0
1473,SITE-222,2,105,2026-02-15,2026-02-17,PASS,,0
1474,SITE-203,1,104,2026-06-06,2026-06-13,FAIL,Cable Sagging,0
1475,SITE-229,4,101,2025-10-09,2025-10-10,PASS,,0
1476,SITE-209,3,102,2026-05-08,2026-05-15,PASS,,0
1477,SITE-217,1,103,2026-02-18,2026-02-20,PASS,,0
1478,SITE-220,2,104,2025-12-24,2025-12-31,PASS,,0
1479,SITE-231,1,102,2025-11-16,2025-11-16,FAIL,Loose Connector,0
1480,SITE-201,1,103,2026-01-24,2026-01-27,PASSED,,0
1481,SITE-228,2,104,2025-12-01,,PENDING,,0
1482,SITE-207,1,103,2025-11-06,2025-11-06,PASS,,0
1483,SITE-209,2,101,2026-04-07,2026-04-08,REJECTED,Signal Attenuation,0
1484,SITE-211,4,103,2026-06-29,2026-07-04,PASSED,,0
1485,SITE-227,4,102,2026-01-18,2026-01-19,PASSED,,0
1486,SITE-238,4,103,2025-11-14,2025-11-15,REJECTED,Cable Sagging,0
1487,SITE-216,3,101,2026-05-08,2026-05-09,PASS,,0
1488,SITE-239,3,101,2026-02-05,2026-02-10,PASSED,,0
1489,SITE-233,2,104,2026-03-04,2026-03-09,PASS,,0
1490,SITE-232,4,101,2026-03-01,2026-03-02,PASSED,,0
1491,SITE-205,1,103,2026-02-01,2026-02-06,PASSED,,0
1492,SITE-227,3,105,2026-03-12,2026-03-17,PASS,,0
1493,SITE-238,1,101,2025-12-28,2025-12-28,FAIL,Cable Sagging,0
1494,SITE-226,3,105,2026-02-12,2026-02-12,PASS,,0
1495,SITE-206,2,103,2026-05-01,2026-05-04,PASS,,0
1496,SITE-214,2,105,2025-11-12,2025-11-17,PASS,,0
1497,SITE-205,3,104,2026-03-17,2026-03-24,PASS,,0
1498,SITE-228,1,104,2026-01-31,2026-01-31,PASS,,0
1499,SITE-212,1,101,2025-10-29,2025-11-05,PASS,,0
1500,SITE-223,3,102,2025-12-10,2025-12-11,FAIL,Signal Attenuation,0
1501,SITE-208,1,103,2026-04-09,2026-04-11,PASS,,0
1502,SITE-217,1,104,2026-05-08,2026-05-08,PASS,,0
1503,SITE-232,2,103,2026-05-22,2026-05-22,PASSED,,0
1504,SITE-237,1,102,2025-12-20,2025-12-20,PASS,,0
1505,SITE-216,1,104,2026-06-18,2026-06-18,PASS,,0
1506,SITE-212,1,105,2026-04-05,2026-04-06,PASS,,0
1507,SITE-227,3,103,2026-05-03,2026-05-04,PASS,,0
1508,SITE-233,1,102,2025-11-09,2025-11-09,PASSED,,0
1509,SITE-205,4,103,2026-01-23,2026-01-23,FAILED,Signal Attenuation,0
1510,SITE-230,1,103,2026-03-09,2026-03-14,PASS,,0
1511,SITE-240,2,104,2026-01-11,2026-01-13,PASS,,0
1512,SITE-213,2,102,2026-04-07,2026-04-10,PASSED,,0
1513,SITE-235,3,101,2025-10-04,2025-10-04,REJECTED,Loose Connector,0
1514,SITE-225,3,101,2026-03-21,2026-03-28,PASS,,0
1515,SITE-227,4,101,2026-01-14,2026-01-15,PASSED,,0
1516,SITE-215,4,103,2025-12-12,2025-12-12,FAIL,Cable Sagging,0
1517,SITE-206,1,105,2026-05-23,,PENDING,,0
1518,SITE-205,1,104,2025-12-08,2025-12-11,PASSED,,0
1519,SITE-221,4,103,2025-12-06,2025-12-08,PASS,,0
1520,SITE-205,2,102,2026-03-12,2026-03-13,PASSED,,0
1521,SITE-211,4,104,2026-07-27,2026-07-27,PASS,,0
1522,SITE-223,2,104,2026-03-10,2026-03-15,PASS,,0
1523,SITE-206,2,103,2026-03-07,2026-03-07,PASSED,,0
1524,SITE-210,1,102,2025-10-21,2025-10-23,PASS,,0
1525,SITE-220,3,102,2026-04-01,2026-04-01,PASS,,0
1526,SITE-229,2,101,2025-10-16,,PENDING,,0
1527,SITE-208,1,101,2026-05-25,2026-05-26,PASS,,0
1528,SITE-224,1,105,2026-01-22,2026-01-25,PASS,,0
1529,SITE-202,1,102,2026-07-28,2026-07-28,PASS,,0
1530,SITE-208,1,104,2026-05-16,2026-05-16,FAILED,Grounding Missing,0
1531,SITE-228,4,104,2025-10-26,2025-10-31,PASS,,0
1532,SITE-212,3,102,2025-10-16,2025-10-19,PASS,,0
1533,SITE-210,1,105,2026-01-04,2026-01-07,PASS,,0
1534,SITE-227,4,101,2026-02-03,2026-02-06,PASSED,,0
1535,SITE-227,2,105,2025-11-14,2025-11-15,PASS,,0
1536,SITE-202,4,103,2026-02-05,2026-02-10,PASSED,,0
1537,SITE-223,3,104,2026-06-03,2026-06-06,PASSED,,0
1538,SITE-239,2,101,2026-02-16,2026-02-18,PASS,,0
1539,SITE-234,3,105,2026-02-21,2026-02-24,PASS,,0
1540,SITE-207,2,102,2026-01-28,,PENDING,,0
1541,SITE-204,2,105,2026-02-14,2026-02-21,PASSED,,0
1542,SITE-212,2,105,2026-04-17,2026-04-18,PASS,,0
1543,SITE-238,1,103,2026-03-12,2026-03-19,FAILED,Grounding Missing,0
1544,SITE-213,4,105,2026-07-18,2026-07-23,PASSED,,0
1545,SITE-206,1,102,2026-03-08,2026-03-08,PASS,,0
1546,SITE-201,3,105,2026-01-21,2026-01-24,PASS,,0
1547,SITE-221,1,101,2026-01-12,2026-01-14,FAILED,Loose Connector,0
1548,SITE-208,3,101,2025-12-15,2025-12-16,PASSED,,0
1549,SITE-238,1,103,2026-04-10,2026-04-17,FAIL,Signal Attenuation,0
1550,SITE-228,4,103,2026-03-04,2026-03-05,PASS,,0
1551,SITE-215,2,104,2025-12-29,2026-01-03,FAIL,Grounding Missing,0
1552,SITE-212,1,105,2026-03-07,2026-03-09,FAIL,Loose Connector,0
1553,SITE-212,3,105,2026-04-19,2026-04-24,FAILED,Cable Sagging,0
1554,SITE-232,2,103,2026-01-22,2026-01-22,PASSED,,0
1555,SITE-211,1,103,2025-11-09,2025-11-11,PASS,,0
1556,SITE-216,1,103,2026-05-17,2026-05-18,PASS,,0
1557,SITE-204,4,104,2026-02-09,2026-02-16,FAIL,Cable Sagging,0
1558,SITE-227,4,104,2026-05-03,,PENDING,,0
1559,SITE-231,2,102,2026-03-29,2026-03-29,PASSED,,0
1560,SITE-219,1,103,2026-05-20,2026-05-20,PASS,,0
1561,SITE-205,3,102,2026-02-11,,PENDING,,0
1562,SITE-236,1,103,2026-04-11,2026-04-11,PASS,,0
1563,SITE-239,4,102,2026-06-05,2026-06-08,FAIL,Loose Connector,0
1564,SITE-213,4,105,2025-10-28,2025-10-29,PASS,,0
1565,SITE-220,2,101,2026-07-04,2026-07-06,PASS,,0
1566,SITE-232,2,101,2025-10-26,2025-10-31,PASS,,0
1567,SITE-219,4,102,2026-04-03,2026-04-03,PASS,,0
1568,SITE-219,1,104,2025-11-19,2025-11-20,PASS,,0
1569,SITE-231,4,103,2025-11-29,2025-12-02,PASS,,0
1570,SITE-212,3,104,2025-11-16,2025-11-19,PASSED,,0
1571,SITE-217,4,104,2026-04-08,2026-04-08,PASS,,0
1572,SITE-237,1,102,2026-02-12,2026-02-14,PASS,,0
1573,SITE-235,4,105,2025-11-19,2025-11-21,PASS,,0
1574,SITE-234,4,105,2026-01-25,2026-01-28,PASSED,,0
1575,SITE-231,3,101,2026-06-01,2026-06-02,PASSED,,0
1576,SITE-233,2,101,2026-04-21,2026-04-28,REJECTED,Cable Sagging,0
1577,SITE-214,2,102,2026-05-18,2026-05-19,PASS,,0
1578,SITE-228,2,102,2025-10-22,2025-10-29,PASS,,0
1579,SITE-205,1,104,2026-02-10,2026-02-17,PASS,,0
1580,SITE-218,4,101,2026-07-12,2026-07-14,PASS,,0
1581,SITE-208,4,102,2026-07-28,2026-07-31,PASSED,,0
1582,SITE-207,1,105,2025-12-15,2025-12-20,PASSED,,0
1583,SITE-227,3,104,2025-11-21,2025-11-26,FAIL,Grounding Missing,0
1584,SITE-203,2,103,2026-06-06,2026-06-09,PASSED,,0
1585,SITE-226,1,104,2026-04-25,2026-04-30,PASS,,0
1586,SITE-218,3,101,2026-03-19,2026-03-19,FAIL,Signal Attenuation,0
1587,SITE-218,4,101,2026-03-22,2026-03-24,FAILED,Grounding Missing,0
1588,SITE-229,3,103,2026-01-25,2026-02-01,PASS,,0
1589,SITE-213,4,102,2026-05-02,2026-05-02,PASSED,,0
1590,SITE-204,2,101,2026-04-27,2026-05-02,FAIL,Grounding Missing,0
1591,SITE-234,1,102,2026-03-09,2026-03-12,FAIL,Loose Connector,0
1592,SITE-216,1,104,2026-01-07,2026-01-08,FAILED,Cable Sagging,0
1593,SITE-218,3,104,2025-10-26,2025-11-02,REJECTED,Loose Connector,0
1594,SITE-202,2,103,2026-06-16,2026-06-16,PASS,,0
1595,SITE-231,3,103,2026-06-08,2026-06-09,PASSED,,0
1596,SITE-219,1,104,2025-12-23,2025-12-25,FAILED,Cable Sagging,0
1597,SITE-214,2,102,2025-10-26,2025-10-31,PASS,,0
1598,SITE-233,1,101,2026-01-14,2026-01-17,PASS,,0
1599,SITE-239,1,102,2026-05-31,2026-06-07,REJECTED,Loose Connector,0
1600,SITE-218,4,104,2026-02-07,2026-02-09,PASSED,,0
